transaction_id,customer_id,transaction_date,transaction_amount,region_id,product_id,quantity,payment_method
TXN1001,CUST001,2026-09-01,1250.50,IN-S,PROD001,2,Credit Card
TXN1002,CUST002,2026-09-01,799.00,IN-N,PROD002,1,UPI
TXN1003,CUST003,2026-09-02,2450.75,IN-S,PROD003,3,Debit Card
TXN1004,CUST004,2026-09-02,599.99,IN-W,PROD004,1,Cash
TXN1005,CUST005,2026-09-03,3200.00,IN-E,PROD005,4,UPI
TXN1006,CUST006,2026-09-03,1500.25,IN-S,PROD001,2,Credit Card
TXN1007,CUST007,2026-09-04,899.50,IN-N,PROD002,1,Debit Card
TXN1008,CUST008,2026-09-04,4500.00,IN-W,PROD006,5,UPI
TXN1009,CUST009,2026-09-05,125.00,IN-E,PROD007,1,Cash
TXN1010,CUST010,2026-09-05,2750.80,IN-S,PROD003,2,Credit Card
TXN1011,CUST011,2026-09-06,999.99,IN-N,PROD004,1,UPI
TXN1012,CUST012,2026-09-06,1800.00,IN-W,PROD005,2,Debit Card
TXN1013,CUST013,2026-09-07,2200.50,IN-E,PROD006,3,Credit Card
TXN1014,CUST014,2026-09-07,650.00,IN-S,PROD007,1,Cash
TXN1015,CUST015,2026-09-08,3100.00,IN-N,PROD001,4,UPI
TXN1016,CUST016,2026-09-08,875.25,IN-W,PROD002,1,Credit Card
TXN1017,CUST017,2026-09-09,1999.99,IN-E,PROD003,2,Debit Card
TXN1018,CUST018,2026-09-09,4250.00,IN-S,PROD006,3,UPI
TXN1019,CUST019,2026-09-10,750.50,IN-N,PROD004,1,Cash
TXN1020,CUST020,2026-09-10,1650.75,IN-W,PROD005,2,Credit Card
TXN1021,CUST021,2026-09-11,950.00,IN-E,PROD007,1,UPI
TXN1022,CUST022,2026-09-11,2850.00,IN-S,PROD001,3,Debit Card
TXN1023,CUST023,2026-09-12,1100.25,IN-N,PROD002,2,Credit Card
TXN1024,CUST024,2026-09-12,3750.00,IN-W,PROD003,4,UPI
TXN1025,CUST025,2026-09-13,525.50,IN-E,PROD004,1,Cash
TXN1026,CUST026,2026-09-13,2400.00,IN-S,PROD005,2,Credit Card
TXN1027,CUST027,2026-09-14,1350.75,IN-N,PROD006,1,UPI
TXN1028,CUST028,2026-09-14,2999.99,IN-W,PROD007,3,Debit Card
TXN1029,CUST029,2026-09-15,1800.00,IN-E,PROD001,2,Credit Card
TXN1030,CUST030,2026-09-15,999.00,IN-S,PROD002,1,UPI
TXN1005,CUST005,2026-09-03,3200.00,IN-E,PROD005,4,UPI
TXN1031,,2026-09-16,1450.00,IN-N,PROD003,2,Credit Card
TXN1032,CUST032,,850.00,IN-W,PROD004,1,UPI
TXN1033,CUST033,2026-09-17,,IN-S,PROD005,2,Debit Card
TXN1034,CUST034,2026-09-17,-500.00,IN-E,PROD006,1,Credit Card
TXN1035,CUST035,2026-09-18,1200.00,IN-N,PROD007,-2,UPI
TXN1036,CUST036,invalid-date,750.00,IN-W,PROD001,1,Cash
TXN1037,CUST037,2026-09-19,950.00,,PROD002,2,Credit Card
TXN1038,CUST038,2026-09-19,1100.00,IN-S,,1,UPI
TXN1039,CUST039,2026-09-20,abc,IN-E,PROD003,2,Debit Card
TXN1040,CUST040,2026-09-20,1500.00,IN-N,PROD004,0,Cash
TXN1041,CUST041,2026-09-21,1800.00,IN-W,PROD005,2,Bitcoin
